{
  "train_losses": [
    1.2414704290461689,
    1.1413241378823002,
    1.1365572909970374,
    1.1351468211673745,
    1.1338727838933342,
    1.131882304985986,
    1.132619643970422,
    1.1314662938575903,
    1.131469405630685,
    1.1311192817254951,
    1.1301511886597675,
    1.1302458630598662,
    1.1293173499420939
  ],
  "valid_losses": [
    1.1553887905854203,
    1.148010136369038,
    1.1483653511347944,
    1.150510598920753,
    1.1467550437245826,
    1.1481709539300144,
    1.1470488995412003,
    1.1459920482076826,
    1.1516448932118935,
    1.150864559431674,
    1.1474928752620621,
    1.1526460677090258,
    1.1519835968025447
  ],
  "test_loss": 1.1337102250823843,
  "best_epoch": 8,
  "args": {
    "data": "../Hooktheory.json.gz",
    "processed_data": null,
    "output_dir": "output",
    "model_type": "skipgram",
    "embedding_dim": 128,
    "window_size": 2,
    "min_count": 2,
    "epochs": 50,
    "batch_size": 256,
    "lr": 0.001,
    "n_negative": 5,
    "early_stopping": 5,
    "seed": 42,
    "device": "cuda"
  }
}