{
  "total_harmony_events": 421298,
  "known_harmony_events": 394197,
  "unknown_harmony_events": 27101,
  "known_coverage": 0.935672611785482,
  "unknown_coverage": 0.06432738821451799,
  "known_quality_counts": {
    "": 199357,
    "m": 100410,
    "7": 19410,
    "maj7": 18437,
    "m7": 32681,
    "sus2": 3817,
    "sus4": 6201,
    "dim": 5872,
    "dim7": 1096,
    "m7b5": 3553,
    "9": 795,
    "maj9": 1725,
    "aug7": 129,
    "aug": 502,
    "mMaj7": 212
  },
  "unknown_interval_counts": {
    "(4, 3, 7)": 6137,
    "(5, 2, 3)": 2598,
    "(3, 4, 3, 4)": 2022,
    "(3, 4, 7)": 1841,
    "(4, 3, 3, 4, 3)": 1597,
    "(2, 5, 3)": 1527,
    "(3, 4, 3, 4, 3)": 1358,
    "(2, 5, 4)": 1106,
    "(2, 3, 2)": 739,
    "(7,)": 664,
    "()": 421,
    "(3, 4, 3, 7)": 382,
    "(6, 1)": 366,
    "(4, 3, 3, 3)": 310,
    "(4, 3, 14)": 243,
    "(4, 3, 10)": 227,
    "(4, 3, 3, 4, 3, 4)": 183,
    "(3, 3, 4, 3, 4)": 179,
    "(3, 4, 10)": 163,
    "(4, 3, 3, 5)": 143,
    "(4, 3, 3, 10)": 140,
    "(4, 3, 7, 7)": 134,
    "(4, 4, 3)": 126,
    "(4, 3, 4, 3, 4)": 111,
    "(1, 5, 4)": 110,
    "(5, 2, 4)": 109,
    "(3, 4, 3, 3, 4)": 103,
    "(2, 4, 1)": 101,
    "(3, 4, 6)": 96,
    "(3, 4, 14)": 96,
    "(4, 3, 3, 11)": 94,
    "(1, 6, 3)": 93,
    "(5, 2, 3, 4)": 93,
    "(4, 2, 4)": 90,
    "(3,)": 88,
    "(4, 3, 11)": 84,
    "(3, 3, 7)": 82,
    "(2, 3, 2, 3)": 81,
    "(4, 3, 4, 10)": 80,
    "(5,)": 77,
    "(4, 3, 4, 3, 3)": 75,
    "(4, 6)": 75,
    "(4, 3, 4, 7)": 71,
    "(3, 4, 3, 3)": 63,
    "(6, 1, 4)": 62,
    "(7, 3)": 61,
    "(4,)": 60,
    "(7, 7)": 56,
    "(2, 3, 2, 4)": 54,
    "(4, 3, 3, 3, 7)": 53,
    "(4, 2)": 51,
    "(3, 7)": 51,
    "(5, 1, 4)": 49,
    "(3, 4, 3, 10)": 48,
    "(4, 3, 3, 7)": 48,
    "(4, 3, 3, 8)": 47,
    "(4, 3, 4, 3, 4, 3)": 46,
    "(5, 1)": 42,
    "(4, 3, 3, 5, 5)": 37,
    "(2, 3, 2, 3, 11)": 37,
    "(3, 3, 5)": 36,
    "(7, 4)": 36,
    "(1, 6)": 35,
    "(4, 3, 4, 3, 3, 3)": 35,
    "(4, 17)": 35,
    "(3, 3, 4, 3)": 34,
    "(4, 3, 3, 4, 7)": 34,
    "(4, 3, 3, 4, 4)": 33,
    "(4, 3, 6)": 32,
    "(3, 4, 3, 7, 3)": 32,
    "(2, 5, 14)": 31,
    "(4, 3, 4, 3, 7)": 30,
    "(7, 3, 4)": 30,
    "(4, 3, 3, 3, 4, 4)": 28,
    "(6,)": 27,
    "(4, 3, 4, 4, 3)": 26,
    "(3, 3, 3, 4, 3)": 26,
    "(4, 3, 4, 4, 3, 3)": 26,
    "(3, 4, 7, 3)": 25,
    "(3, 5, 2)": 25,
    "(6, 2)": 24,
    "(4, 7)": 22,
    "(1, 5)": 20,
    "(4, 4, 2, 5)": 20,
    "(11,)": 20,
    "(3, 3, 4, 10)": 19,
    "(5, 2, 3, 11)": 19,
    "(4, 3, 7, 3)": 19,
    "(5, 2, 3, 4, 7)": 18,
    "(4, 4, 2, 3)": 17,
    "(3, 3, 4, 7)": 17,
    "(4, 2, 5)": 17,
    "(1, 5, 3)": 16,
    "(3, 6)": 16,
    "(3, 5)": 15,
    "(3, 4, 13)": 15,
    "(5, 5)": 15,
    "(4, 3, 4, 3, 3, 4)": 15,
    "(4, 4, 6)": 14,
    "(5, 2, 7)": 14,
    "(4, 2, 4, 4)": 13,
    "(4, 3, 10, 4)": 13,
    "(3, 4, 11)": 13,
    "(4, 3, 8, 3)": 13,
    "(7, 4, 3)": 13,
    "(10,)": 12,
    "(3, 3, 3, 11)": 12,
    "(3, 4, 3, 4, 3, 3)": 12,
    "(7, 4, 4, 3)": 12,
    "(2, 3, 5)": 12,
    "(1, 4, 2, 3)": 12,
    "(1, 4, 2)": 11,
    "(4, 3, 8)": 11,
    "(3, 3, 11, 4)": 11,
    "(7, 3, 4, 4)": 11,
    "(4, 3, 7, 4)": 11,
    "(6, 4)": 10,
    "(4, 4, 2, 4)": 10,
    "(3, 4, 3, 4, 3, 4)": 10,
    "(3, 4, 7, 7)": 10,
    "(4, 3, 8, 6)": 10,
    "(4, 2, 4, 3)": 10,
    "(4, 3, 11, 3)": 10,
    "(3, 4, 3, 11)": 9,
    "(4, 3, 3, 3, 4)": 8,
    "(3, 4, 3, 7, 4)": 8,
    "(3, 5, 3)": 8,
    "(6, 3)": 8,
    "(3, 4, 3, 4, 4, 3)": 8,
    "(4, 6, 4)": 8,
    "(4, 3, 4, 8)": 8,
    "(7, 3, 4, 3)": 7,
    "(5, 2, 14)": 7,
    "(14, 3)": 7,
    "(5, 3)": 7,
    "(3, 2)": 7,
    "(2, 3, 2, 3, 10)": 7,
    "(3, 3, 4, 7, 3)": 7,
    "(1, 3, 2)": 7,
    "(6, 1, 3)": 7,
    "(3, 3, 3, 4)": 6,
    "(5, 2, 3, 3)": 6,
    "(3, 4, 3, 3, 4, 3)": 6,
    "(6, 4, 3)": 6,
    "(4, 10)": 6,
    "(8,)": 6,
    "(2, 5, 10)": 6,
    "(2, 4, 4)": 6,
    "(4, 3, 7, 3, 4)": 6,
    "(3, 4, 4, 3)": 6,
    "(5, 2, 4, 9)": 6,
    "(10, 3, 4)": 6,
    "(3, 4, 10, 4)": 6,
    "(3, 7, 4)": 6,
    "(2, 5, 4, 8)": 6,
    "(4, 3, 4, 3, 5, 2)": 6,
    "(3, 4, 4, 3, 3)": 5,
    "(3, 4, 4, 7)": 5,
    "(2,)": 5,
    "(4, 3, 4, 6)": 5,
    "(4, 7, 3)": 5,
    "(4, 3, 3, 7, 3)": 5,
    "(4, 4, 9)": 5,
    "(3, 3, 4, 4)": 5,
    "(3, 4, 7, 4)": 5,
    "(2, 5, 3, 11)": 5,
    "(3, 3, 3, 8)": 5,
    "(1, 4, 1, 4, 11)": 5,
    "(7, 3, 10)": 5,
    "(7, 7, 7)": 4,
    "(2, 4)": 4,
    "(4, 3, 3, 4, 4, 3)": 4,
    "(7, 14)": 4,
    "(10, 9)": 4,
    "(14, 7)": 4,
    "(3, 3, 8)": 4,
    "(2, 3, 2, 4, 9)": 4,
    "(5, 2, 4, 2)": 4,
    "(4, 3, 3, 3, 5)": 4,
    "(4, 3, 3, 4, 6)": 4,
    "(3, 7, 10)": 4,
    "(3, 4, 3, 8)": 4,
    "(4, 2, 8)": 4,
    "(3, 5, 2, 7)": 4,
    "(4, 13)": 4,
    "(7, 4, 4)": 4,
    "(3, 4, 4, 3, 3, 3)": 3,
    "(5, 3, 3)": 3,
    "(6, 1, 4, 10)": 3,
    "(7, 3, 4, 3, 4)": 3,
    "(4, 6, 3)": 3,
    "(11, 10)": 3,
    "(6, 2, 3)": 3,
    "(3, 14)": 3,
    "(3, 4, 3, 4, 7)": 3,
    "(4, 2, 15)": 3,
    "(2, 4, 1, 4, 10)": 3,
    "(4, 3, 3, 7, 4)": 3,
    "(4, 3, 4, 4)": 3,
    "(2, 5, 4, 10)": 3,
    "(2, 5, 4, 9)": 3,
    "(4, 7, 10)": 3,
    "(2, 5, 3, 8)": 3,
    "(4, 3, 3, 5, 2, 4)": 3,
    "(5, 2, 4, 10)": 3,
    "(3, 7, 7)": 3,
    "(5, 3, 2)": 3,
    "(2, 3)": 3,
    "(4, 10, 7)": 3,
    "(5, 3, 13)": 3,
    "(2, 3, 2, 14)": 3,
    "(4, 6, 11)": 3,
    "(10, 4, 3)": 3,
    "(1, 4, 1)": 2,
    "(4, 2, 5, 2)": 2,
    "(6, 4, 4)": 2,
    "(3, 4, 2)": 2,
    "(3, 3, 10)": 2,
    "(4, 2, 4, 10)": 2,
    "(5, 3, 3, 2)": 2,
    "(3, 5, 2, 4)": 2,
    "(4, 4, 13)": 2,
    "(4, 14)": 2,
    "(2, 3, 2, 4, 7)": 2,
    "(4, 3, 4, 4, 5)": 2,
    "(3, 5, 13)": 2,
    "(4, 3, 4, 2)": 2,
    "(3, 3, 7, 4)": 2,
    "(3, 4, 6, 4)": 2,
    "(5, 6, 10)": 2,
    "(3, 3, 1, 4, 10)": 2,
    "(5, 1, 5)": 2,
    "(3, 3, 4, 11)": 2,
    "(4, 4, 3, 3)": 2,
    "(4, 3, 3, 5, 3)": 2,
    "(2, 5, 3, 10)": 2,
    "(5, 2, 4, 2, 7)": 2,
    "(4, 2, 5, 2, 4, 4)": 2,
    "(4, 2, 3)": 2,
    "(4, 4, 3, 10)": 2,
    "(2, 5, 4, 7)": 2,
    "(4, 2, 4, 3, 4, 4)": 2,
    "(2, 3, 2, 4, 10)": 2,
    "(7, 3, 7, 4)": 2,
    "(2, 6, 3)": 2,
    "(4, 3, 7, 4, 3)": 2,
    "(5, 2, 4, 3)": 2,
    "(2, 5, 3, 4, 3)": 2,
    "(6, 4, 10)": 2,
    "(2, 5, 3, 7)": 2,
    "(4, 3, 3, 8, 3)": 2,
    "(2, 4, 5)": 2,
    "(3, 3, 14)": 2,
    "(4, 3, 13)": 2,
    "(4, 2, 5, 10)": 2,
    "(3, 3, 7, 7)": 2,
    "(4, 2, 8, 7)": 2,
    "(11, 3, 3)": 2,
    "(3, 3, 4, 3, 4, 3)": 2,
    "(3, 7, 4, 3)": 2,
    "(4, 4, 2, 8)": 1,
    "(3, 4, 6, 8)": 1,
    "(3, 3, 15)": 1,
    "(4, 3, 4, 3, 5)": 1,
    "(5, 2, 3, 3, 7)": 1,
    "(3, 4, 2, 4)": 1,
    "(3, 4, 2, 5, 3)": 1,
    "(3, 18)": 1,
    "(4, 2, 5, 3)": 1,
    "(4, 3, 4, 7, 3)": 1,
    "(4, 3, 3, 4, 3, 3)": 1,
    "(5, 1, 8)": 1,
    "(2, 6, 2)": 1,
    "(3, 5, 2, 2)": 1,
    "(7, 3, 3, 4, 4)": 1,
    "(4, 4, 3, 7)": 1,
    "(4, 4, 5)": 1,
    "(4, 10, 3, 4)": 1,
    "(8, 3, 3)": 1,
    "(4, 3, 3, 5, 2)": 1,
    "(5, 2, 3, 4, 6)": 1,
    "(2, 5, 4, 6)": 1,
    "(3, 4, 3, 3, 7)": 1,
    "(1, 3, 3, 2)": 1,
    "(3, 3, 11)": 1,
    "(2, 8)": 1,
    "(4, 3, 4, 4, 2)": 1,
    "(5, 2, 3, 10)": 1,
    "(4, 3, 4, 6, 4)": 1,
    "(3, 4, 3, 4, 3, 2)": 1,
    "(4, 4, 3, 2, 6, 2)": 1,
    "(3, 5, 2, 4, 3, 4)": 1,
    "(4, 2, 5, 4, 3, 3)": 1,
    "(2, 9)": 1,
    "(4, 3, 6, 4)": 1,
    "(2, 5, 4, 7, 2)": 1,
    "(2, 6)": 1,
    "(4, 4, 3, 3, 4, 3)": 1,
    "(4, 4, 3, 3, 3)": 1,
    "(4, 2, 4, 7)": 1,
    "(4, 4, 2, 4, 3, 4)": 1,
    "(4, 4, 3, 4)": 1,
    "(7, 3, 4, 7)": 1,
    "(5, 2, 4, 3, 7)": 1,
    "(4, 4, 10)": 1,
    "(3, 3, 3, 7, 4)": 1,
    "(2, 5, 3, 7, 4)": 1,
    "(1, 3, 2, 3)": 1,
    "(4, 3, 3, 8, 2)": 1,
    "(4, 3, 4, 9)": 1,
    "(2, 5, 11)": 1,
    "(4, 6, 7, 3)": 1,
    "(3, 2, 5)": 1,
    "(2, 8, 7)": 1,
    "(3, 4, 7, 3, 4)": 1,
    "(8, 3, 3, 3)": 1,
    "(10, 4)": 1,
    "(3, 4, 3, 9)": 1,
    "(2, 8, 11)": 1
  }
}