{
  "train_losses": [
    11.088329571549611,
    11.036276571212277,
    9.606108455247776,
    4.566789811657321,
    3.070239505460185,
    2.766515108846849,
    2.5350078357163297,
    2.3030887726814515,
    2.0993924025566346,
    1.9526183720557921,
    1.833144276372848,
    1.741698057420792,
    1.6657862855542092,
    1.604054852198529,
    1.5553241878427484,
    1.5099123088262414,
    1.4698874578681043,
    1.4342579867250176,
    1.40771226216388,
    1.3850382694634058,
    1.362035967970407,
    1.3369559741789294,
    1.3233841324365267,
    1.3071358421797394,
    1.292404450396056,
    1.2887199476201048,
    1.268448104140579,
    1.2661542238727692
  ],
  "valid_losses": [
    11.076365533885218,
    10.799570787468912,
    5.715409889308087,
    2.2609879818484018,
    1.968321517279588,
    1.8335606066132462,
    1.655037530733947,
    1.5255322638296591,
    1.4594995691727397,
    1.4230445054506116,
    1.406270567132563,
    1.3892052758799056,
    1.3840069602453626,
    1.384705577461486,
    1.3778519346665141,
    1.367509768193838,
    1.3683766775630872,
    1.3640203030614484,
    1.365295803492596,
    1.3653275852594398,
    1.3696049924320404,
    1.3671802609547938,
    1.3650102210750883,
    1.3674819105578446,
    1.3670844773768291,
    1.3689476605971473,
    1.3656981795143701,
    1.3675170834080776
  ],
  "test_loss": 1.3478559854471288,
  "best_epoch": 18,
  "args": {
    "data": "../hooktheory/Hooktheory.json.gz",
    "processed_data": null,
    "output_dir": "output_ring_v1",
    "notation": "absolute",
    "no_annotate_unknown": false,
    "model_type": "skipgram",
    "embedding_dim": 256,
    "dropout": 0.1,
    "window_size": 3,
    "min_count": 2,
    "subsample": 0.0001,
    "epochs": 40,
    "batch_size": 512,
    "lr": 0.001,
    "min_lr": 1e-06,
    "warmup_epochs": 5,
    "weight_decay": 0.01,
    "n_negative": 15,
    "grad_clip": 1.0,
    "early_stopping": 10,
    "scheduler": "cosine",
    "seed": 42,
    "device": null
  }
}