{
  "train_losses": [
    11.08992685415806,
    11.040724998865372,
    10.1067245556758,
    5.496587337591709,
    3.393147275998042,
    3.0878888154641175,
    2.8857273719249625,
    2.673797451532804,
    2.469407298626044,
    2.30115785354223,
    2.173044978043972,
    2.0801698015286374,
    2.0154651678525486,
    1.9539419091664827,
    1.9060916411571014,
    1.8718096506901276,
    1.8399681922716973,
    1.8098075771943116,
    1.7900462975868812,
    1.770851662525764,
    1.7519048620492985,
    1.7313961891027598,
    1.7182340790063908,
    1.7116782542986748,
    1.7072493617351239,
    1.6997187672517238,
    1.6886587005395155,
    1.676002092850514,
    1.673963419902019,
    1.66529075610332,
    1.665564375045972,
    1.6594561674656012
  ],
  "valid_losses": [
    11.076586708120985,
    10.872581872961787,
    7.526558856486188,
    2.9730967535787944,
    2.4646569623490944,
    2.3026533903456494,
    2.118527348600922,
    1.9481761800401032,
    1.828299801550585,
    1.7706898304215868,
    1.7382547347583641,
    1.7212201333806292,
    1.705103745493096,
    1.7027540744572947,
    1.69105620210426,
    1.6862720502264679,
    1.6840000415988827,
    1.688879073209263,
    1.6812545283780282,
    1.6815871871956931,
    1.6857431012297002,
    1.6788118248105321,
    1.679239467227649,
    1.6830388800429863,
    1.6832634252676388,
    1.6845601421010792,
    1.6846526414495395,
    1.6829658152030649,
    1.6838941018782336,
    1.6850408564124402,
    1.6832080353093852,
    1.683561141099908
  ],
  "test_loss": 1.668206168294518,
  "best_epoch": 22,
  "args": {
    "data": "c:\\Users\\CLoudie\\Desktop\\TRACE\\dataset\\hooktheory\\Hooktheory.json.gz",
    "processed_data": null,
    "output_dir": "c:\\Users\\CLoudie\\Desktop\\TRACE\\dataset\\chord2vec\\output_ring_full_v4",
    "notation": "absolute",
    "no_annotate_unknown": false,
    "auto_quality_min_count": 4,
    "model_type": "skipgram",
    "embedding_dim": 256,
    "dropout": 0.1,
    "window_size": 3,
    "min_count": 2,
    "subsample": 0.0001,
    "epochs": 40,
    "batch_size": 512,
    "lr": 0.001,
    "min_lr": 1e-06,
    "warmup_epochs": 5,
    "weight_decay": 0.01,
    "n_negative": 15,
    "grad_clip": 1.0,
    "early_stopping": 10,
    "scheduler": "cosine",
    "seed": 42,
    "device": null
  }
}