{
  "train_losses": [
    1.2158325696787904,
    1.1486398876086654,
    1.1460562049969254,
    1.145963437024636,
    1.1463750910659423,
    1.145583184701167,
    1.141814114579577,
    1.1403298684600003,
    1.1405409099413606,
    1.1406489378724067,
    1.1400428938218596,
    1.1402623162886794,
    1.1374285534179782,
    1.137815596241045,
    1.1379418385053726,
    1.1379403963716144,
    1.1374092944230814,
    1.1369826359888209,
    1.1369760719868733,
    1.1373951433595884,
    1.1357744318707252,
    1.1360177164784553,
    1.134755536932537,
    1.1361695024564022,
    1.1343440697685911,
    1.1349648667028902,
    1.1351518047627427,
    1.1360490996553902,
    1.1359784860949427,
    1.1349017035737168,
    1.1339734897484113,
    1.1338700720313197,
    1.1352549988193155,
    1.1340478737070565,
    1.1349561566848596,
    1.1347596108291245,
    1.1359316002352005,
    1.133326974641804,
    1.1350924833831308,
    1.1339230692461288,
    1.1347259367930864,
    1.133582637379712,
    1.1336247928704997,
    1.1349617225889872,
    1.1340869741300452,
    1.134633213318962,
    1.1350724567202288,
    1.135138354868879,
    1.134688939555453,
    1.1341415696452704,
    1.1347797089180518,
    1.1339063552326847,
    1.1344563930666771,
    1.1344643101065044,
    1.1340789471887098,
    1.133560097018463,
    1.1338183035681293,
    1.1348350012227737,
    1.1346976289669506,
    1.1334196582218798
  ],
  "valid_losses": [
    1.1504913196705355,
    1.1461220584293403,
    1.1473087532685535,
    1.150405708712713,
    1.1481183253892577,
    1.1507142860897304,
    1.1455459781605812,
    1.1446579653437774,
    1.1493703679676497,
    1.1489811236708865,
    1.1463986466033231,
    1.1499805255691604,
    1.1461777199219556,
    1.144722281706215,
    1.149331253550627,
    1.1438177794513136,
    1.144290845582981,
    1.1468446333416225,
    1.1470808496963072,
    1.14699387392982,
    1.1450958688660424,
    1.1456971062291967,
    1.1454277713306666,
    1.14478734676594,
    1.1436670162890217,
    1.14642735263302,
    1.1442790596005152,
    1.1490041041138148,
    1.146835180595763,
    1.146477498040341,
    1.1458943936691033,
    1.14363165066974,
    1.144896955970097,
    1.14431368439111,
    1.1422364971425274,
    1.1461423749577488,
    1.1466478243125942,
    1.14429905135246,
    1.1462010987127575,
    1.1401702637719635,
    1.144999351241801,
    1.1452823782911394,
    1.1447131348521795,
    1.144588547964694,
    1.1435084527868642,
    1.1441819532082813,
    1.1422009698235163,
    1.145125143205372,
    1.14477406260204,
    1.1434072527554955,
    1.1474094225628542,
    1.1438915642968106,
    1.1457575911735938,
    1.1495642968923738,
    1.1442192539130107,
    1.1457286663968178,
    1.1439951274654654,
    1.1452643139527576,
    1.1461701560335191,
    1.1460392475128174
  ],
  "test_loss": 1.1368909059730294,
  "best_epoch": 40,
  "args": {
    "data": "Hooktheory.json.gz",
    "processed_data": "output/processed_data.pkl",
    "output_dir": "output_final",
    "model_type": "skipgram",
    "embedding_dim": 256,
    "dropout": 0.2,
    "window_size": 3,
    "min_count": 2,
    "subsample": 0.0001,
    "epochs": 100,
    "batch_size": 512,
    "lr": 0.002,
    "min_lr": 1e-06,
    "warmup_epochs": 5,
    "weight_decay": 0.01,
    "n_negative": 5,
    "grad_clip": 1.0,
    "early_stopping": 20,
    "scheduler": "plateau",
    "seed": 42,
    "device": null
  }
}